NUTS_ID,COASTAL CATEGORY,COASTAL LABEL,,,COASTAL REGIONS,
AL011,0,non-coastal,,,,
AL012,1,coastal (on coast),,,CATEGORY CODE,CATEGORY LABEL
AL013,0,non-coastal,,,0,non-coastal
AL014,1,coastal (on coast),,,1,coastal (on coast)
AL015,1,coastal (on coast),,,2,coastal (>= 50% of population living within 50km of the coastline)
AL021,2,coastal (>= 50% of population living within 50km of the coastline),,,,
AL022,1,coastal (on coast),,,,
AL031,2,coastal (>= 50% of population living within 50km of the coastline),,,,
AL032,1,coastal (on coast),,,,
AL033,2,coastal (>= 50% of population living within 50km of the coastline),,,,
AL034,0,non-coastal,,,,
AL035,1,coastal (on coast),,,,
AT111,0,non-coastal,,,,
AT112,0,non-coastal,,,,
AT113,0,non-coastal,,,,
AT121,0,non-coastal,,,,
AT122,0,non-coastal,,,,
AT123,0,non-coastal,,,,
AT124,0,non-coastal,,,,
AT125,0,non-coastal,,,,
AT126,0,non-coastal,,,,
AT127,0,non-coastal,,,,
AT130,0,non-coastal,,,,
AT211,0,non-coastal,,,,
AT212,0,non-coastal,,,,
AT213,0,non-coastal,,,,
AT221,0,non-coastal,,,,
AT222,0,non-coastal,,,,
AT223,0,non-coastal,,,,
AT224,0,non-coastal,,,,
AT225,0,non-coastal,,,,
AT226,0,non-coastal,,,,
AT311,0,non-coastal,,,,
AT312,0,non-coastal,,,,
AT313,0,non-coastal,,,,
AT314,0,non-coastal,,,,
AT315,0,non-coastal,,,,
AT321,0,non-coastal,,,,
AT322,0,non-coastal,,,,
AT323,0,non-coastal,,,,
AT331,0,non-coastal,,,,
AT332,0,non-coastal,,,,
AT333,0,non-coastal,,,,
AT334,0,non-coastal,,,,
AT335,0,non-coastal,,,,
AT341,0,non-coastal,,,,
AT342,0,non-coastal,,,,
BE100,0,non-coastal,,,,
BE211,1,coastal (on coast),,,,
BE212,2,coastal (>= 50% of population living within 50km of the coastline),,,,
BE213,0,non-coastal,,,,
BE223,0,non-coastal,,,,
BE224,0,non-coastal,,,,
BE225,0,non-coastal,,,,
BE231,2,coastal (>= 50% of population living within 50km of the coastline),,,,
BE232,2,coastal (>= 50% of population living within 50km of the coastline),,,,
BE233,2,coastal (>= 50% of population living within 50km of the coastline),,,,
BE234,2,coastal (>= 50% of population living within 50km of the coastline),,,,
BE235,0,non-coastal,,,,
BE236,1,coastal (on coast),,,,
BE241,0,non-coastal,,,,
BE242,0,non-coastal,,,,
BE251,1,coastal (on coast),,,,
BE252,2,coastal (>= 50% of population living within 50km of the coastline),,,,
BE253,2,coastal (>= 50% of population living within 50km of the coastline),,,,
BE254,0,non-coastal,,,,
BE255,1,coastal (on coast),,,,
BE256,2,coastal (>= 50% of population living within 50km of the coastline),,,,
BE257,2,coastal (>= 50% of population living within 50km of the coastline),,,,
BE258,1,coastal (on coast),,,,
BE310,0,non-coastal,,,,
BE323,0,non-coastal,,,,
BE328,0,non-coastal,,,,
BE329,0,non-coastal,,,,
BE32A,0,non-coastal,,,,
BE32B,0,non-coastal,,,,
BE32C,0,non-coastal,,,,
BE32D,0,non-coastal,,,,
BE331,0,non-coastal,,,,
BE332,0,non-coastal,,,,
BE334,0,non-coastal,,,,
BE335,0,non-coastal,,,,
BE336,0,non-coastal,,,,
BE341,0,non-coastal,,,,
BE342,0,non-coastal,,,,
BE343,0,non-coastal,,,,
BE344,0,non-coastal,,,,
BE345,0,non-coastal,,,,
BE351,0,non-coastal,,,,
BE352,0,non-coastal,,,,
BE353,0,non-coastal,,,,
BG311,0,non-coastal,,,,
BG312,0,non-coastal,,,,
BG313,0,non-coastal,,,,
BG314,0,non-coastal,,,,
BG315,0,non-coastal,,,,
BG321,0,non-coastal,,,,
BG322,0,non-coastal,,,,
BG323,0,non-coastal,,,,
BG324,0,non-coastal,,,,
BG325,0,non-coastal,,,,
BG331,1,coastal (on coast),,,,
BG332,1,coastal (on coast),,,,
BG333,0,non-coastal,,,,
BG334,0,non-coastal,,,,
BG341,1,coastal (on coast),,,,
BG342,0,non-coastal,,,,
BG343,0,non-coastal,,,,
BG344,0,non-coastal,,,,
BG411,0,non-coastal,,,,
BG412,0,non-coastal,,,,
BG413,0,non-coastal,,,,
BG414,0,non-coastal,,,,
BG415,0,non-coastal,,,,
BG421,0,non-coastal,,,,
BG422,0,non-coastal,,,,
BG423,0,non-coastal,,,,
BG424,0,non-coastal,,,,
BG425,0,non-coastal,,,,
CH011,0,non-coastal,,,,
CH012,0,non-coastal,,,,
CH013,0,non-coastal,,,,
CH021,0,non-coastal,,,,
CH022,0,non-coastal,,,,
CH023,0,non-coastal,,,,
CH024,0,non-coastal,,,,
CH025,0,non-coastal,,,,
CH031,0,non-coastal,,,,
CH032,0,non-coastal,,,,
CH033,0,non-coastal,,,,
CH040,0,non-coastal,,,,
CH051,0,non-coastal,,,,
CH052,0,non-coastal,,,,
CH053,0,non-coastal,,,,
CH054,0,non-coastal,,,,
CH055,0,non-coastal,,,,
CH056,0,non-coastal,,,,
CH057,0,non-coastal,,,,
CH061,0,non-coastal,,,,
CH062,0,non-coastal,,,,
CH063,0,non-coastal,,,,
CH064,0,non-coastal,,,,
CH065,0,non-coastal,,,,
CH066,0,non-coastal,,,,
CH070,0,non-coastal,,,,
CY000,1,coastal (on coast),,,,
CZ010,0,non-coastal,,,,
CZ020,0,non-coastal,,,,
CZ031,0,non-coastal,,,,
CZ032,0,non-coastal,,,,
CZ041,0,non-coastal,,,,
CZ042,0,non-coastal,,,,
CZ051,0,non-coastal,,,,
CZ052,0,non-coastal,,,,
CZ053,0,non-coastal,,,,
CZ063,0,non-coastal,,,,
CZ064,0,non-coastal,,,,
CZ071,0,non-coastal,,,,
CZ072,0,non-coastal,,,,
CZ080,0,non-coastal,,,,
DE111,0,non-coastal,,,,
DE112,0,non-coastal,,,,
DE113,0,non-coastal,,,,
DE114,0,non-coastal,,,,
DE115,0,non-coastal,,,,
DE116,0,non-coastal,,,,
DE117,0,non-coastal,,,,
DE118,0,non-coastal,,,,
DE119,0,non-coastal,,,,
DE11A,0,non-coastal,,,,
DE11B,0,non-coastal,,,,
DE11C,0,non-coastal,,,,
DE11D,0,non-coastal,,,,
DE121,0,non-coastal,,,,
DE122,0,non-coastal,,,,
DE123,0,non-coastal,,,,
DE124,0,non-coastal,,,,
DE125,0,non-coastal,,,,
DE126,0,non-coastal,,,,
DE127,0,non-coastal,,,,
DE128,0,non-coastal,,,,
DE129,0,non-coastal,,,,
DE12A,0,non-coastal,,,,
DE12B,0,non-coastal,,,,
DE12C,0,non-coastal,,,,
DE131,0,non-coastal,,,,
DE132,0,non-coastal,,,,
DE133,0,non-coastal,,,,
DE134,0,non-coastal,,,,
DE135,0,non-coastal,,,,
DE136,0,non-coastal,,,,
DE137,0,non-coastal,,,,
DE138,0,non-coastal,,,,
DE139,0,non-coastal,,,,
DE13A,0,non-coastal,,,,
DE141,0,non-coastal,,,,
DE142,0,non-coastal,,,,
DE143,0,non-coastal,,,,
DE144,0,non-coastal,,,,
DE145,0,non-coastal,,,,
DE146,0,non-coastal,,,,
DE147,0,non-coastal,,,,
DE148,0,non-coastal,,,,
DE149,0,non-coastal,,,,
DE211,0,non-coastal,,,,
DE212,0,non-coastal,,,,
DE213,0,non-coastal,,,,
DE214,0,non-coastal,,,,
DE215,0,non-coastal,,,,
DE216,0,non-coastal,,,,
DE217,0,non-coastal,,,,
DE218,0,non-coastal,,,,
DE219,0,non-coastal,,,,
DE21A,0,non-coastal,,,,
DE21B,0,non-coastal,,,,
DE21C,0,non-coastal,,,,
DE21D,0,non-coastal,,,,
DE21E,0,non-coastal,,,,
DE21F,0,non-coastal,,,,
DE21G,0,non-coastal,,,,
DE21H,0,non-coastal,,,,
DE21I,0,non-coastal,,,,
DE21J,0,non-coastal,,,,
DE21K,0,non-coastal,,,,
DE21L,0,non-coastal,,,,
DE21M,0,non-coastal,,,,
DE21N,0,non-coastal,,,,
DE221,0,non-coastal,,,,
DE222,0,non-coastal,,,,
DE223,0,non-coastal,,,,
DE224,0,non-coastal,,,,
DE225,0,non-coastal,,,,
DE226,0,non-coastal,,,,
DE227,0,non-coastal,,,,
DE228,0,non-coastal,,,,
DE229,0,non-coastal,,,,
DE22A,0,non-coastal,,,,
DE22B,0,non-coastal,,,,
DE22C,0,non-coastal,,,,
DE231,0,non-coastal,,,,
DE232,0,non-coastal,,,,
DE233,0,non-coastal,,,,
DE234,0,non-coastal,,,,
DE235,0,non-coastal,,,,
DE236,0,non-coastal,,,,
DE237,0,non-coastal,,,,
DE238,0,non-coastal,,,,
DE239,0,non-coastal,,,,
DE23A,0,non-coastal,,,,
DE241,0,non-coastal,,,,
DE242,0,non-coastal,,,,
DE243,0,non-coastal,,,,
DE244,0,non-coastal,,,,
DE245,0,non-coastal,,,,
DE246,0,non-coastal,,,,
DE247,0,non-coastal,,,,
DE248,0,non-coastal,,,,
DE249,0,non-coastal,,,,
DE24A,0,non-coastal,,,,
DE24B,0,non-coastal,,,,
DE24C,0,non-coastal,,,,
DE24D,0,non-coastal,,,,
DE251,0,non-coastal,,,,
DE252,0,non-coastal,,,,
DE253,0,non-coastal,,,,
DE254,0,non-coastal,,,,
DE255,0,non-coastal,,,,
DE256,0,non-coastal,,,,
DE257,0,non-coastal,,,,
DE258,0,non-coastal,,,,
DE259,0,non-coastal,,,,
DE25A,0,non-coastal,,,,
DE25B,0,non-coastal,,,,
DE25C,0,non-coastal,,,,
DE261,0,non-coastal,,,,
DE262,0,non-coastal,,,,
DE263,0,non-coastal,,,,
DE264,0,non-coastal,,,,
DE265,0,non-coastal,,,,
DE266,0,non-coastal,,,,
DE267,0,non-coastal,,,,
DE268,0,non-coastal,,,,
DE269,0,non-coastal,,,,
DE26A,0,non-coastal,,,,
DE26B,0,non-coastal,,,,
DE26C,0,non-coastal,,,,
DE271,0,non-coastal,,,,
DE272,0,non-coastal,,,,
DE273,0,non-coastal,,,,
DE274,0,non-coastal,,,,
DE275,0,non-coastal,,,,
DE276,0,non-coastal,,,,
DE277,0,non-coastal,,,,
DE278,0,non-coastal,,,,
DE279,0,non-coastal,,,,
DE27A,0,non-coastal,,,,
DE27B,0,non-coastal,,,,
DE27C,0,non-coastal,,,,
DE27D,0,non-coastal,,,,
DE27E,0,non-coastal,,,,
DE300,0,non-coastal,,,,
DE401,0,non-coastal,,,,
DE402,0,non-coastal,,,,
DE403,0,non-coastal,,,,
DE404,0,non-coastal,,,,
DE405,0,non-coastal,,,,
DE406,0,non-coastal,,,,
DE407,0,non-coastal,,,,
DE408,0,non-coastal,,,,
DE409,0,non-coastal,,,,
DE40A,0,non-coastal,,,,
DE40B,0,non-coastal,,,,
DE40C,0,non-coastal,,,,
DE40D,0,non-coastal,,,,
DE40E,0,non-coastal,,,,
DE40F,0,non-coastal,,,,
DE40G,0,non-coastal,,,,
DE40H,0,non-coastal,,,,
DE40I,0,non-coastal,,,,
DE501,1,coastal (on coast),,,,
DE502,1,coastal (on coast),,,,
DE600,1,coastal (on coast),,,,
DE711,0,non-coastal,,,,
DE712,0,non-coastal,,,,
DE713,0,non-coastal,,,,
DE714,0,non-coastal,,,,
DE715,0,non-coastal,,,,
DE716,0,non-coastal,,,,
DE717,0,non-coastal,,,,
DE718,0,non-coastal,,,,
DE719,0,non-coastal,,,,
DE71A,0,non-coastal,,,,
DE71B,0,non-coastal,,,,
DE71C,0,non-coastal,,,,
DE71D,0,non-coastal,,,,
DE71E,0,non-coastal,,,,
DE721,0,non-coastal,,,,
DE722,0,non-coastal,,,,
DE723,0,non-coastal,,,,
DE724,0,non-coastal,,,,
DE725,0,non-coastal,,,,
DE731,0,non-coastal,,,,
DE732,0,non-coastal,,,,
DE733,0,non-coastal,,,,
DE734,0,non-coastal,,,,
DE735,0,non-coastal,,,,
DE736,0,non-coastal,,,,
DE737,0,non-coastal,,,,
DE803,1,coastal (on coast),,,,
DE804,2,coastal (>= 50% of population living within 50km of the coastline),,,,
DE80J,0,non-coastal,,,,
DE80K,1,coastal (on coast),,,,
DE80L,1,coastal (on coast),,,,
DE80M,1,coastal (on coast),,,,
DE80N,1,coastal (on coast),,,,
DE80O,0,non-coastal,,,,
DE911,0,non-coastal,,,,
DE912,0,non-coastal,,,,
DE913,0,non-coastal,,,,
DE914,0,non-coastal,,,,
DE916,0,non-coastal,,,,
DE917,0,non-coastal,,,,
DE918,0,non-coastal,,,,
DE91A,0,non-coastal,,,,
DE91B,0,non-coastal,,,,
DE91C,0,non-coastal,,,,
DE922,0,non-coastal,,,,
DE923,0,non-coastal,,,,
DE925,0,non-coastal,,,,
DE926,0,non-coastal,,,,
DE927,0,non-coastal,,,,
DE928,0,non-coastal,,,,
DE929,0,non-coastal,,,,
DE931,0,non-coastal,,,,
DE932,1,coastal (on coast),,,,
DE933,0,non-coastal,,,,
DE934,0,non-coastal,,,,
DE935,0,non-coastal,,,,
DE936,2,coastal (>= 50% of population living within 50km of the coastline),,,,
DE937,0,non-coastal,,,,
DE938,0,non-coastal,,,,
DE939,1,coastal (on coast),,,,
DE93A,0,non-coastal,,,,
DE93B,0,non-coastal,,,,
DE941,2,coastal (>= 50% of population living within 50km of the coastline),,,,
DE942,1,coastal (on coast),,,,
DE943,2,coastal (>= 50% of population living within 50km of the coastline),,,,
DE944,0,non-coastal,,,,
DE945,1,coastal (on coast),,,,
DE946,2,coastal (>= 50% of population living within 50km of the coastline),,,,
DE947,1,coastal (on coast),,,,
DE948,0,non-coastal,,,,
DE949,0,non-coastal,,,,
DE94A,1,coastal (on coast),,,,
DE94B,0,non-coastal,,,,
DE94C,1,coastal (on coast),,,,
DE94D,2,coastal (>= 50% of population living within 50km of the coastline),,,,
DE94E,0,non-coastal,,,,
DE94F,0,non-coastal,,,,
DE94G,1,coastal (on coast),,,,
DE94H,1,coastal (on coast),,,,
DEA11,0,non-coastal,,,,
DEA12,0,non-coastal,,,,
DEA13,0,non-coastal,,,,
DEA14,0,non-coastal,,,,
DEA15,0,non-coastal,,,,
DEA16,0,non-coastal,,,,
DEA17,0,non-coastal,,,,
DEA18,0,non-coastal,,,,
DEA19,0,non-coastal,,,,
DEA1A,0,non-coastal,,,,
DEA1B,0,non-coastal,,,,
DEA1C,0,non-coastal,,,,
DEA1D,0,non-coastal,,,,
DEA1E,0,non-coastal,,,,
DEA1F,0,non-coastal,,,,
DEA22,0,non-coastal,,,,
DEA23,0,non-coastal,,,,
DEA24,0,non-coastal,,,,
DEA26,0,non-coastal,,,,
DEA27,0,non-coastal,,,,
DEA28,0,non-coastal,,,,
DEA29,0,non-coastal,,,,
DEA2A,0,non-coastal,,,,
DEA2B,0,non-coastal,,,,
DEA2C,0,non-coastal,,,,
DEA2D,0,non-coastal,,,,
DEA31,0,non-coastal,,,,
DEA32,0,non-coastal,,,,
DEA33,0,non-coastal,,,,
DEA34,0,non-coastal,,,,
DEA35,0,non-coastal,,,,
DEA36,0,non-coastal,,,,
DEA37,0,non-coastal,,,,
DEA38,0,non-coastal,,,,
DEA41,0,non-coastal,,,,
DEA42,0,non-coastal,,,,
DEA43,0,non-coastal,,,,
DEA44,0,non-coastal,,,,
DEA45,0,non-coastal,,,,
DEA46,0,non-coastal,,,,
DEA47,0,non-coastal,,,,
DEA51,0,non-coastal,,,,
DEA52,0,non-coastal,,,,
DEA53,0,non-coastal,,,,
DEA54,0,non-coastal,,,,
DEA55,0,non-coastal,,,,
DEA56,0,non-coastal,,,,
DEA57,0,non-coastal,,,,
DEA58,0,non-coastal,,,,
DEA59,0,non-coastal,,,,
DEA5A,0,non-coastal,,,,
DEA5B,0,non-coastal,,,,
DEA5C,0,non-coastal,,,,
DEB11,0,non-coastal,,,,
DEB12,0,non-coastal,,,,
DEB13,0,non-coastal,,,,
DEB14,0,non-coastal,,,,
DEB15,0,non-coastal,,,,
DEB17,0,non-coastal,,,,
DEB18,0,non-coastal,,,,
DEB1A,0,non-coastal,,,,
DEB1B,0,non-coastal,,,,
DEB1C,0,non-coastal,,,,
DEB1D,0,non-coastal,,,,
DEB21,0,non-coastal,,,,
DEB22,0,non-coastal,,,,
DEB23,0,non-coastal,,,,
DEB24,0,non-coastal,,,,
DEB25,0,non-coastal,,,,
DEB31,0,non-coastal,,,,
DEB32,0,non-coastal,,,,
DEB33,0,non-coastal,,,,
DEB34,0,non-coastal,,,,
DEB35,0,non-coastal,,,,
DEB36,0,non-coastal,,,,
DEB37,0,non-coastal,,,,
DEB38,0,non-coastal,,,,
DEB39,0,non-coastal,,,,
DEB3A,0,non-coastal,,,,
DEB3B,0,non-coastal,,,,
DEB3C,0,non-coastal,,,,
DEB3D,0,non-coastal,,,,
DEB3E,0,non-coastal,,,,
DEB3F,0,non-coastal,,,,
DEB3G,0,non-coastal,,,,
DEB3H,0,non-coastal,,,,
DEB3I,0,non-coastal,,,,
DEB3J,0,non-coastal,,,,
DEB3K,0,non-coastal,,,,
DEC01,0,non-coastal,,,,
DEC02,0,non-coastal,,,,
DEC03,0,non-coastal,,,,
DEC04,0,non-coastal,,,,
DEC05,0,non-coastal,,,,
DEC06,0,non-coastal,,,,
DED21,0,non-coastal,,,,
DED2C,0,non-coastal,,,,
DED2D,0,non-coastal,,,,
DED2E,0,non-coastal,,,,
DED2F,0,non-coastal,,,,
DED41,0,non-coastal,,,,
DED42,0,non-coastal,,,,
DED43,0,non-coastal,,,,
DED44,0,non-coastal,,,,
DED45,0,non-coastal,,,,
DED51,0,non-coastal,,,,
DED52,0,non-coastal,,,,
DED53,0,non-coastal,,,,
DEE01,0,non-coastal,,,,
DEE02,0,non-coastal,,,,
DEE03,0,non-coastal,,,,
DEE04,0,non-coastal,,,,
DEE05,0,non-coastal,,,,
DEE06,0,non-coastal,,,,
DEE07,0,non-coastal,,,,
DEE08,0,non-coastal,,,,
DEE09,0,non-coastal,,,,
DEE0A,0,non-coastal,,,,
DEE0B,0,non-coastal,,,,
DEE0C,0,non-coastal,,,,
DEE0D,0,non-coastal,,,,
DEE0E,0,non-coastal,,,,
DEF01,1,coastal (on coast),,,,
DEF02,1,coastal (on coast),,,,
DEF03,1,coastal (on coast),,,,
DEF04,2,coastal (>= 50% of population living within 50km of the coastline),,,,
DEF05,1,coastal (on coast),,,,
DEF06,0,non-coastal,,,,
DEF07,1,coastal (on coast),,,,
DEF08,1,coastal (on coast),,,,
DEF09,1,coastal (on coast),,,,
DEF0A,1,coastal (on coast),,,,
DEF0B,1,coastal (on coast),,,,
DEF0C,1,coastal (on coast),,,,
DEF0D,2,coastal (>= 50% of population living within 50km of the coastline),,,,
DEF0E,1,coastal (on coast),,,,
DEF0F,0,non-coastal,,,,
DEG01,0,non-coastal,,,,
DEG02,0,non-coastal,,,,
DEG03,0,non-coastal,,,,
DEG04,0,non-coastal,,,,
DEG05,0,non-coastal,,,,
DEG06,0,non-coastal,,,,
DEG07,0,non-coastal,,,,
DEG09,0,non-coastal,,,,
DEG0A,0,non-coastal,,,,
DEG0B,0,non-coastal,,,,
DEG0C,0,non-coastal,,,,
DEG0D,0,non-coastal,,,,
DEG0E,0,non-coastal,,,,
DEG0F,0,non-coastal,,,,
DEG0G,0,non-coastal,,,,
DEG0H,0,non-coastal,,,,
DEG0I,0,non-coastal,,,,
DEG0J,0,non-coastal,,,,
DEG0K,0,non-coastal,,,,
DEG0L,0,non-coastal,,,,
DEG0M,0,non-coastal,,,,
DEG0N,0,non-coastal,,,,
DEG0P,0,non-coastal,,,,
DK011,1,coastal (on coast),,,,
DK012,1,coastal (on coast),,,,
DK013,1,coastal (on coast),,,,
DK014,1,coastal (on coast),,,,
DK021,1,coastal (on coast),,,,
DK022,1,coastal (on coast),,,,
DK031,1,coastal (on coast),,,,
DK032,1,coastal (on coast),,,,
DK041,1,coastal (on coast),,,,
DK042,1,coastal (on coast),,,,
DK050,1,coastal (on coast),,,,
EE001,1,coastal (on coast),,,,
EE004,1,coastal (on coast),,,,
EE008,0,non-coastal,,,,
EE009,1,coastal (on coast),,,,
EE00A,1,coastal (on coast),,,,
EL301,2,coastal (>= 50% of population living within 50km of the coastline),,,,
EL302,1,coastal (on coast),,,,
EL303,2,coastal (>= 50% of population living within 50km of the coastline),,,,
EL304,1,coastal (on coast),,,,
EL305,1,coastal (on coast),,,,
EL306,1,coastal (on coast),,,,
EL307,1,coastal (on coast),,,,
EL411,1,coastal (on coast),,,,
EL412,1,coastal (on coast),,,,
EL413,1,coastal (on coast),,,,
EL421,1,coastal (on coast),,,,
EL422,1,coastal (on coast),,,,
EL431,1,coastal (on coast),,,,
EL432,1,coastal (on coast),,,,
EL433,1,coastal (on coast),,,,
EL434,1,coastal (on coast),,,,
EL511,1,coastal (on coast),,,,
EL512,1,coastal (on coast),,,,
EL513,1,coastal (on coast),,,,
EL514,2,coastal (>= 50% of population living within 50km of the coastline),,,,
EL515,1,coastal (on coast),,,,
EL521,1,coastal (on coast),,,,
EL522,1,coastal (on coast),,,,
EL523,2,coastal (>= 50% of population living within 50km of the coastline),,,,
EL524,2,coastal (>= 50% of population living within 50km of the coastline),,,,
EL525,1,coastal (on coast),,,,
EL526,1,coastal (on coast),,,,
EL527,1,coastal (on coast),,,,
EL531,0,non-coastal,,,,
EL532,0,non-coastal,,,,
EL533,0,non-coastal,,,,
EL541,1,coastal (on coast),,,,
EL542,1,coastal (on coast),,,,
EL543,0,non-coastal,,,,
EL611,0,non-coastal,,,,
EL612,1,coastal (on coast),,,,
EL613,1,coastal (on coast),,,,
EL621,1,coastal (on coast),,,,
EL622,1,coastal (on coast),,,,
EL623,1,coastal (on coast),,,,
EL624,1,coastal (on coast),,,,
EL631,1,coastal (on coast),,,,
EL632,1,coastal (on coast),,,,
EL633,1,coastal (on coast),,,,
EL641,1,coastal (on coast),,,,
EL642,1,coastal (on coast),,,,
EL643,2,coastal (>= 50% of population living within 50km of the coastline),,,,
EL644,1,coastal (on coast),,,,
EL645,1,coastal (on coast),,,,
EL651,1,coastal (on coast),,,,
EL652,1,coastal (on coast),,,,
EL653,1,coastal (on coast),,,,
ES111,1,coastal (on coast),,,,
ES112,1,coastal (on coast),,,,
ES113,0,non-coastal,,,,
ES114,1,coastal (on coast),,,,
ES120,1,coastal (on coast),,,,
ES130,1,coastal (on coast),,,,
ES211,0,non-coastal,,,,
ES212,1,coastal (on coast),,,,
ES213,1,coastal (on coast),,,,
ES220,0,non-coastal,,,,
ES230,0,non-coastal,,,,
ES241,0,non-coastal,,,,
ES242,0,non-coastal,,,,
ES243,0,non-coastal,,,,
ES300,0,non-coastal,,,,
ES411,0,non-coastal,,,,
ES412,0,non-coastal,,,,
ES413,0,non-coastal,,,,
ES414,0,non-coastal,,,,
ES415,0,non-coastal,,,,
ES416,0,non-coastal,,,,
ES417,0,non-coastal,,,,
ES418,0,non-coastal,,,,
ES419,0,non-coastal,,,,
ES421,0,non-coastal,,,,
ES422,0,non-coastal,,,,
ES423,0,non-coastal,,,,
ES424,0,non-coastal,,,,
ES425,0,non-coastal,,,,
ES431,0,non-coastal,,,,
ES432,0,non-coastal,,,,
ES511,1,coastal (on coast),,,,
ES512,1,coastal (on coast),,,,
ES513,0,non-coastal,,,,
ES514,1,coastal (on coast),,,,
ES521,1,coastal (on coast),,,,
ES522,1,coastal (on coast),,,,
ES523,1,coastal (on coast),,,,
ES531,1,coastal (on coast),,,,
ES532,1,coastal (on coast),,,,
ES533,1,coastal (on coast),,,,
ES611,1,coastal (on coast),,,,
ES612,1,coastal (on coast),,,,
ES613,0,non-coastal,,,,
ES614,1,coastal (on coast),,,,
ES615,1,coastal (on coast),,,,
ES616,0,non-coastal,,,,
ES617,1,coastal (on coast),,,,
ES618,0,non-coastal,,,,
ES620,1,coastal (on coast),,,,
ES630,1,coastal (on coast),,,,
ES640,1,coastal (on coast),,,,
ES703,1,coastal (on coast),,,,
ES704,1,coastal (on coast),,,,
ES705,1,coastal (on coast),,,,
ES706,1,coastal (on coast),,,,
ES707,1,coastal (on coast),,,,
ES708,1,coastal (on coast),,,,
ES709,1,coastal (on coast),,,,
FI193,0,non-coastal,,,,
FI194,0,non-coastal,,,,
FI195,1,coastal (on coast),,,,
FI196,1,coastal (on coast),,,,
FI197,0,non-coastal,,,,
FI1B1,1,coastal (on coast),,,,
FI1C1,1,coastal (on coast),,,,
FI1C2,0,non-coastal,,,,
FI1C3,0,non-coastal,,,,
FI1C4,1,coastal (on coast),,,,
FI1C5,0,non-coastal,,,,
FI1D1,0,non-coastal,,,,
FI1D2,0,non-coastal,,,,
FI1D3,0,non-coastal,,,,
FI1D5,1,coastal (on coast),,,,
FI1D7,1,coastal (on coast),,,,
FI1D8,0,non-coastal,,,,
FI1D9,1,coastal (on coast),,,,
FI200,1,coastal (on coast),,,,
FR101,0,non-coastal,,,,
FR102,0,non-coastal,,,,
FR103,0,non-coastal,,,,
FR104,0,non-coastal,,,,
FR105,0,non-coastal,,,,
FR106,0,non-coastal,,,,
FR107,0,non-coastal,,,,
FR108,0,non-coastal,,,,
FRB01,0,non-coastal,,,,
FRB02,0,non-coastal,,,,
FRB03,0,non-coastal,,,,
FRB04,0,non-coastal,,,,
FRB05,0,non-coastal,,,,
FRB06,0,non-coastal,,,,
FRC11,0,non-coastal,,,,
FRC12,0,non-coastal,,,,
FRC13,0,non-coastal,,,,
FRC14,0,non-coastal,,,,
FRC21,0,non-coastal,,,,
FRC22,0,non-coastal,,,,
FRC23,0,non-coastal,,,,
FRC24,0,non-coastal,,,,
FRD11,1,coastal (on coast),,,,
FRD12,1,coastal (on coast),,,,
FRD13,0,non-coastal,,,,
FRD21,1,coastal (on coast),,,,
FRD22,1,coastal (on coast),,,,
FRE11,1,coastal (on coast),,,,
FRE12,1,coastal (on coast),,,,
FRE21,0,non-coastal,,,,
FRE22,0,non-coastal,,,,
FRE23,1,coastal (on coast),,,,
FRF11,0,non-coastal,,,,
FRF12,0,non-coastal,,,,
FRF21,0,non-coastal,,,,
FRF22,0,non-coastal,,,,
FRF23,0,non-coastal,,,,
FRF24,0,non-coastal,,,,
FRF31,0,non-coastal,,,,
FRF32,0,non-coastal,,,,
FRF33,0,non-coastal,,,,
FRF34,0,non-coastal,,,,
FRG01,1,coastal (on coast),,,,
FRG02,0,non-coastal,,,,
FRG03,0,non-coastal,,,,
FRG04,0,non-coastal,,,,
FRG05,1,coastal (on coast),,,,
FRH01,1,coastal (on coast),,,,
FRH02,1,coastal (on coast),,,,
FRH03,1,coastal (on coast),,,,
FRH04,1,coastal (on coast),,,,
FRI11,0,non-coastal,,,,
FRI12,1,coastal (on coast),,,,
FRI13,1,coastal (on coast),,,,
FRI14,0,non-coastal,,,,
FRI15,1,coastal (on coast),,,,
FRI21,0,non-coastal,,,,
FRI22,0,non-coastal,,,,
FRI23,0,non-coastal,,,,
FRI31,0,non-coastal,,,,
FRI32,1,coastal (on coast),,,,
FRI33,0,non-coastal,,,,
FRI34,0,non-coastal,,,,
FRJ11,1,coastal (on coast),,,,
FRJ12,1,coastal (on coast),,,,
FRJ13,1,coastal (on coast),,,,
FRJ14,0,non-coastal,,,,
FRJ15,1,coastal (on coast),,,,
FRJ21,0,non-coastal,,,,
FRJ22,0,non-coastal,,,,
FRJ23,0,non-coastal,,,,
FRJ24,0,non-coastal,,,,
FRJ25,0,non-coastal,,,,
FRJ26,0,non-coastal,,,,
FRJ27,0,non-coastal,,,,
FRJ28,0,non-coastal,,,,
FRK11,0,non-coastal,,,,
FRK12,0,non-coastal,,,,
FRK13,0,non-coastal,,,,
FRK14,0,non-coastal,,,,
FRK21,0,non-coastal,,,,
FRK22,0,non-coastal,,,,
FRK23,0,non-coastal,,,,
FRK24,0,non-coastal,,,,
FRK25,0,non-coastal,,,,
FRK26,0,non-coastal,,,,
FRK27,0,non-coastal,,,,
FRK28,0,non-coastal,,,,
FRL01,0,non-coastal,,,,
FRL02,0,non-coastal,,,,
FRL03,1,coastal (on coast),,,,
FRL04,1,coastal (on coast),,,,
FRL05,1,coastal (on coast),,,,
FRL06,0,non-coastal,,,,
FRM01,1,coastal (on coast),,,,
FRM02,1,coastal (on coast),,,,
FRY10,1,coastal (on coast),,,,
FRY20,1,coastal (on coast),,,,
FRY30,1,coastal (on coast),,,,
FRY40,1,coastal (on coast),,,,
FRY50,1,coastal (on coast),,,,
HR021,0,non-coastal,,,,
HR022,0,non-coastal,,,,
HR023,0,non-coastal,,,,
HR024,0,non-coastal,,,,
HR025,0,non-coastal,,,,
HR026,0,non-coastal,,,,
HR027,0,non-coastal,,,,
HR028,0,non-coastal,,,,
HR031,1,coastal (on coast),,,,
HR032,1,coastal (on coast),,,,
HR033,1,coastal (on coast),,,,
HR034,1,coastal (on coast),,,,
HR035,1,coastal (on coast),,,,
HR036,1,coastal (on coast),,,,
HR037,1,coastal (on coast),,,,
HR050,0,non-coastal,,,,
HR061,0,non-coastal,,,,
HR062,0,non-coastal,,,,
HR063,0,non-coastal,,,,
HR064,0,non-coastal,,,,
HR065,0,non-coastal,,,,
HU110,0,non-coastal,,,,
HU120,0,non-coastal,,,,
HU211,0,non-coastal,,,,
HU212,0,non-coastal,,,,
HU213,0,non-coastal,,,,
HU221,0,non-coastal,,,,
HU222,0,non-coastal,,,,
HU223,0,non-coastal,,,,
HU231,0,non-coastal,,,,
HU232,0,non-coastal,,,,
HU233,0,non-coastal,,,,
HU311,0,non-coastal,,,,
HU312,0,non-coastal,,,,
HU313,0,non-coastal,,,,
HU321,0,non-coastal,,,,
HU322,0,non-coastal,,,,
HU323,0,non-coastal,,,,
HU331,0,non-coastal,,,,
HU332,0,non-coastal,,,,
HU333,0,non-coastal,,,,
IE041,1,coastal (on coast),,,,
IE042,1,coastal (on coast),,,,
IE051,1,coastal (on coast),,,,
IE052,1,coastal (on coast),,,,
IE053,1,coastal (on coast),,,,
IE061,1,coastal (on coast),,,,
IE062,1,coastal (on coast),,,,
IE063,0,non-coastal,,,,
IS001,1,coastal (on coast),,,,
IS002,1,coastal (on coast),,,,
ITC11,0,non-coastal,,,,
ITC12,0,non-coastal,,,,
ITC13,0,non-coastal,,,,
ITC14,0,non-coastal,,,,
ITC15,0,non-coastal,,,,
ITC16,0,non-coastal,,,,
ITC17,0,non-coastal,,,,
ITC18,0,non-coastal,,,,
ITC20,0,non-coastal,,,,
ITC31,1,coastal (on coast),,,,
ITC32,1,coastal (on coast),,,,
ITC33,1,coastal (on coast),,,,
ITC34,1,coastal (on coast),,,,
ITC41,0,non-coastal,,,,
ITC42,0,non-coastal,,,,
ITC43,0,non-coastal,,,,
ITC44,0,non-coastal,,,,
ITC46,0,non-coastal,,,,
ITC47,0,non-coastal,,,,
ITC48,0,non-coastal,,,,
ITC49,0,non-coastal,,,,
ITC4A,0,non-coastal,,,,
ITC4B,0,non-coastal,,,,
ITC4C,0,non-coastal,,,,
ITC4D,0,non-coastal,,,,
ITF11,0,non-coastal,,,,
ITF12,1,coastal (on coast),,,,
ITF13,1,coastal (on coast),,,,
ITF14,1,coastal (on coast),,,,
ITF21,0,non-coastal,,,,
ITF22,1,coastal (on coast),,,,
ITF31,1,coastal (on coast),,,,
ITF32,2,coastal (>= 50% of population living within 50km of the coastline),,,,
ITF33,1,coastal (on coast),,,,
ITF34,2,coastal (>= 50% of population living within 50km of the coastline),,,,
ITF35,1,coastal (on coast),,,,
ITF43,1,coastal (on coast),,,,
ITF44,1,coastal (on coast),,,,
ITF45,1,coastal (on coast),,,,
ITF46,1,coastal (on coast),,,,
ITF47,1,coastal (on coast),,,,
ITF48,1,coastal (on coast),,,,
ITF51,1,coastal (on coast),,,,
ITF52,1,coastal (on coast),,,,
ITF61,1,coastal (on coast),,,,
ITF62,1,coastal (on coast),,,,
ITF63,1,coastal (on coast),,,,
ITF64,1,coastal (on coast),,,,
ITF65,1,coastal (on coast),,,,
ITG11,1,coastal (on coast),,,,
ITG12,1,coastal (on coast),,,,
ITG13,1,coastal (on coast),,,,
ITG14,1,coastal (on coast),,,,
ITG15,1,coastal (on coast),,,,
ITG16,2,coastal (>= 50% of population living within 50km of the coastline),,,,
ITG17,1,coastal (on coast),,,,
ITG18,1,coastal (on coast),,,,
ITG19,1,coastal (on coast),,,,
ITG2D,1,coastal (on coast),,,,
ITG2E,1,coastal (on coast),,,,
ITG2F,1,coastal (on coast),,,,
ITG2G,1,coastal (on coast),,,,
ITG2H,1,coastal (on coast),,,,
ITH10,0,non-coastal,,,,
ITH20,0,non-coastal,,,,
ITH31,0,non-coastal,,,,
ITH32,0,non-coastal,,,,
ITH33,0,non-coastal,,,,
ITH34,2,coastal (>= 50% of population living within 50km of the coastline),,,,
ITH35,1,coastal (on coast),,,,
ITH36,1,coastal (on coast),,,,
ITH37,1,coastal (on coast),,,,
ITH41,2,coastal (>= 50% of population living within 50km of the coastline),,,,
ITH42,1,coastal (on coast),,,,
ITH43,1,coastal (on coast),,,,
ITH44,1,coastal (on coast),,,,
ITH51,0,non-coastal,,,,
ITH52,0,non-coastal,,,,
ITH53,0,non-coastal,,,,
ITH54,0,non-coastal,,,,
ITH55,0,non-coastal,,,,
ITH56,1,coastal (on coast),,,,
ITH57,1,coastal (on coast),,,,
ITH58,1,coastal (on coast),,,,
ITH59,1,coastal (on coast),,,,
ITI11,1,coastal (on coast),,,,
ITI12,1,coastal (on coast),,,,
ITI13,0,non-coastal,,,,
ITI14,0,non-coastal,,,,
ITI15,0,non-coastal,,,,
ITI16,1,coastal (on coast),,,,
ITI17,1,coastal (on coast),,,,
ITI18,0,non-coastal,,,,
ITI19,0,non-coastal,,,,
ITI1A,1,coastal (on coast),,,,
ITI21,0,non-coastal,,,,
ITI22,0,non-coastal,,,,
ITI31,1,coastal (on coast),,,,
ITI32,1,coastal (on coast),,,,
ITI33,1,coastal (on coast),,,,
ITI34,1,coastal (on coast),,,,
ITI35,1,coastal (on coast),,,,
ITI41,1,coastal (on coast),,,,
ITI42,0,non-coastal,,,,
ITI43,1,coastal (on coast),,,,
ITI44,1,coastal (on coast),,,,
ITI45,2,coastal (>= 50% of population living within 50km of the coastline),,,,
LI000,0,non-coastal,,,,
LT011,0,non-coastal,,,,
LT021,0,non-coastal,,,,
LT022,0,non-coastal,,,,
LT023,1,coastal (on coast),,,,
LT024,0,non-coastal,,,,
LT025,0,non-coastal,,,,
LT026,0,non-coastal,,,,
LT027,0,non-coastal,,,,
LT028,0,non-coastal,,,,
LT029,0,non-coastal,,,,
LU000,0,non-coastal,,,,
LV003,1,coastal (on coast),,,,
LV005,0,non-coastal,,,,
LV006,1,coastal (on coast),,,,
LV007,1,coastal (on coast),,,,
LV008,0,non-coastal,,,,
LV009,0,non-coastal,,,,
ME000,1,coastal (on coast),,,,
MK001,0,non-coastal,,,,
MK002,0,non-coastal,,,,
MK003,0,non-coastal,,,,
MK004,0,non-coastal,,,,
MK005,0,non-coastal,,,,
MK006,0,non-coastal,,,,
MK007,0,non-coastal,,,,
MK008,0,non-coastal,,,,
MT001,1,coastal (on coast),,,,
MT002,1,coastal (on coast),,,,
NL111,1,coastal (on coast),,,,
NL112,1,coastal (on coast),,,,
NL113,1,coastal (on coast),,,,
NL124,1,coastal (on coast),,,,
NL125,1,coastal (on coast),,,,
NL126,2,coastal (>= 50% of population living within 50km of the coastline),,,,
NL131,2,coastal (>= 50% of population living within 50km of the coastline),,,,
NL132,0,non-coastal,,,,
NL133,0,non-coastal,,,,
NL211,0,non-coastal,,,,
NL212,0,non-coastal,,,,
NL213,0,non-coastal,,,,
NL221,0,non-coastal,,,,
NL224,0,non-coastal,,,,
NL225,0,non-coastal,,,,
NL226,0,non-coastal,,,,
NL230,2,coastal (>= 50% of population living within 50km of the coastline),,,,
NL310,0,non-coastal,,,,
NL321,1,coastal (on coast),,,,
NL323,1,coastal (on coast),,,,
NL324,1,coastal (on coast),,,,
NL325,2,coastal (>= 50% of population living within 50km of the coastline),,,,
NL327,2,coastal (>= 50% of population living within 50km of the coastline),,,,
NL328,1,coastal (on coast),,,,
NL329,2,coastal (>= 50% of population living within 50km of the coastline),,,,
NL332,1,coastal (on coast),,,,
NL333,1,coastal (on coast),,,,
NL337,1,coastal (on coast),,,,
NL33A,2,coastal (>= 50% of population living within 50km of the coastline),,,,
NL33B,2,coastal (>= 50% of population living within 50km of the coastline),,,,
NL33C,1,coastal (on coast),,,,
NL341,1,coastal (on coast),,,,
NL342,1,coastal (on coast),,,,
NL411,2,coastal (>= 50% of population living within 50km of the coastline),,,,
NL412,0,non-coastal,,,,
NL413,0,non-coastal,,,,
NL414,0,non-coastal,,,,
NL421,0,non-coastal,,,,
NL422,0,non-coastal,,,,
NL423,0,non-coastal,,,,
NO020,0,non-coastal,,,,
NO060,1,coastal (on coast),,,,
NO071,1,coastal (on coast),,,,
NO074,1,coastal (on coast),,,,
NO081,1,coastal (on coast),,,,
NO082,1,coastal (on coast),,,,
NO091,1,coastal (on coast),,,,
NO092,1,coastal (on coast),,,,
NO0A1,1,coastal (on coast),,,,
NO0A2,1,coastal (on coast),,,,
NO0A3,1,coastal (on coast),,,,
NO0B1,2,coastal (>= 50% of population living within 50km of the coastline),,,,
NO0B2,2,coastal (>= 50% of population living within 50km of the coastline),,,,
PL213,0,non-coastal,,,,
PL214,0,non-coastal,,,,
PL217,0,non-coastal,,,,
PL218,0,non-coastal,,,,
PL219,0,non-coastal,,,,
PL21A,0,non-coastal,,,,
PL224,0,non-coastal,,,,
PL225,0,non-coastal,,,,
PL227,0,non-coastal,,,,
PL228,0,non-coastal,,,,
PL229,0,non-coastal,,,,
PL22A,0,non-coastal,,,,
PL22B,0,non-coastal,,,,
PL22C,0,non-coastal,,,,
PL411,0,non-coastal,,,,
PL414,0,non-coastal,,,,
PL415,0,non-coastal,,,,
PL416,0,non-coastal,,,,
PL417,0,non-coastal,,,,
PL418,0,non-coastal,,,,
PL424,2,coastal (>= 50% of population living within 50km of the coastline),,,,
PL426,1,coastal (on coast),,,,
PL427,0,non-coastal,,,,
PL428,1,coastal (on coast),,,,
PL431,0,non-coastal,,,,
PL432,0,non-coastal,,,,
PL514,0,non-coastal,,,,
PL515,0,non-coastal,,,,
PL516,0,non-coastal,,,,
PL517,0,non-coastal,,,,
PL518,0,non-coastal,,,,
PL523,0,non-coastal,,,,
PL524,0,non-coastal,,,,
PL613,0,non-coastal,,,,
PL616,0,non-coastal,,,,
PL617,0,non-coastal,,,,
PL618,0,non-coastal,,,,
PL619,0,non-coastal,,,,
PL621,1,coastal (on coast),,,,
PL622,0,non-coastal,,,,
PL623,0,non-coastal,,,,
PL633,1,coastal (on coast),,,,
PL634,1,coastal (on coast),,,,
PL636,1,coastal (on coast),,,,
PL637,0,non-coastal,,,,
PL638,2,coastal (>= 50% of population living within 50km of the coastline),,,,
PL711,0,non-coastal,,,,
PL712,0,non-coastal,,,,
PL713,0,non-coastal,,,,
PL714,0,non-coastal,,,,
PL715,0,non-coastal,,,,
PL721,0,non-coastal,,,,
PL722,0,non-coastal,,,,
PL811,0,non-coastal,,,,
PL812,0,non-coastal,,,,
PL814,0,non-coastal,,,,
PL815,0,non-coastal,,,,
PL821,0,non-coastal,,,,
PL822,0,non-coastal,,,,
PL823,0,non-coastal,,,,
PL824,0,non-coastal,,,,
PL841,0,non-coastal,,,,
PL842,0,non-coastal,,,,
PL843,0,non-coastal,,,,
PL911,0,non-coastal,,,,
PL912,0,non-coastal,,,,
PL913,0,non-coastal,,,,
PL921,0,non-coastal,,,,
PL922,0,non-coastal,,,,
PL923,0,non-coastal,,,,
PL924,0,non-coastal,,,,
PL925,0,non-coastal,,,,
PL926,0,non-coastal,,,,
PT111,1,coastal (on coast),,,,
PT112,1,coastal (on coast),,,,
PT119,2,coastal (>= 50% of population living within 50km of the coastline),,,,
PT11A,1,coastal (on coast),,,,
PT11B,0,non-coastal,,,,
PT11C,2,coastal (>= 50% of population living within 50km of the coastline),,,,
PT11D,0,non-coastal,,,,
PT11E,0,non-coastal,,,,
PT150,1,coastal (on coast),,,,
PT16B,1,coastal (on coast),,,,
PT16D,1,coastal (on coast),,,,
PT16E,1,coastal (on coast),,,,
PT16F,1,coastal (on coast),,,,
PT16G,0,non-coastal,,,,
PT16H,0,non-coastal,,,,
PT16I,0,non-coastal,,,,
PT16J,0,non-coastal,,,,
PT170,1,coastal (on coast),,,,
PT181,1,coastal (on coast),,,,
PT184,0,non-coastal,,,,
PT185,1,coastal (on coast),,,,
PT186,0,non-coastal,,,,
PT187,0,non-coastal,,,,
PT200,1,coastal (on coast),,,,
PT300,1,coastal (on coast),,,,
RO111,0,non-coastal,,,,
RO112,0,non-coastal,,,,
RO113,0,non-coastal,,,,
RO114,0,non-coastal,,,,
RO115,0,non-coastal,,,,
RO116,0,non-coastal,,,,
RO121,0,non-coastal,,,,
RO122,0,non-coastal,,,,
RO123,0,non-coastal,,,,
RO124,0,non-coastal,,,,
RO125,0,non-coastal,,,,
RO126,0,non-coastal,,,,
RO211,0,non-coastal,,,,
RO212,0,non-coastal,,,,
RO213,0,non-coastal,,,,
RO214,0,non-coastal,,,,
RO215,0,non-coastal,,,,
RO216,0,non-coastal,,,,
RO221,0,non-coastal,,,,
RO222,0,non-coastal,,,,
RO223,1,coastal (on coast),,,,
RO224,0,non-coastal,,,,
RO225,1,coastal (on coast),,,,
RO226,0,non-coastal,,,,
RO311,0,non-coastal,,,,
RO312,0,non-coastal,,,,
RO313,0,non-coastal,,,,
RO314,0,non-coastal,,,,
RO315,0,non-coastal,,,,
RO316,0,non-coastal,,,,
RO317,0,non-coastal,,,,
RO321,0,non-coastal,,,,
RO322,0,non-coastal,,,,
RO411,0,non-coastal,,,,
RO412,0,non-coastal,,,,
RO413,0,non-coastal,,,,
RO414,0,non-coastal,,,,
RO415,0,non-coastal,,,,
RO421,0,non-coastal,,,,
RO422,0,non-coastal,,,,
RO423,0,non-coastal,,,,
RO424,0,non-coastal,,,,
RS110,0,non-coastal,,,,
RS121,0,non-coastal,,,,
RS122,0,non-coastal,,,,
RS123,0,non-coastal,,,,
RS124,0,non-coastal,,,,
RS125,0,non-coastal,,,,
RS126,0,non-coastal,,,,
RS127,0,non-coastal,,,,
RS211,0,non-coastal,,,,
RS212,0,non-coastal,,,,
RS213,0,non-coastal,,,,
RS214,0,non-coastal,,,,
RS215,0,non-coastal,,,,
RS216,0,non-coastal,,,,
RS217,0,non-coastal,,,,
RS218,0,non-coastal,,,,
RS221,0,non-coastal,,,,
RS222,0,non-coastal,,,,
RS223,0,non-coastal,,,,
RS224,0,non-coastal,,,,
RS225,0,non-coastal,,,,
RS226,0,non-coastal,,,,
RS227,0,non-coastal,,,,
RS228,0,non-coastal,,,,
RS229,0,non-coastal,,,,
SE110,1,coastal (on coast),,,,
SE121,1,coastal (on coast),,,,
SE122,1,coastal (on coast),,,,
SE123,1,coastal (on coast),,,,
SE124,0,non-coastal,,,,
SE125,0,non-coastal,,,,
SE211,0,non-coastal,,,,
SE212,0,non-coastal,,,,
SE213,1,coastal (on coast),,,,
SE214,1,coastal (on coast),,,,
SE221,1,coastal (on coast),,,,
SE224,1,coastal (on coast),,,,
SE231,1,coastal (on coast),,,,
SE232,1,coastal (on coast),,,,
SE311,0,non-coastal,,,,
SE312,0,non-coastal,,,,
SE313,1,coastal (on coast),,,,
SE321,1,coastal (on coast),,,,
SE322,0,non-coastal,,,,
SE331,1,coastal (on coast),,,,
SE332,1,coastal (on coast),,,,
SI031,0,non-coastal,,,,
SI032,0,non-coastal,,,,
SI033,0,non-coastal,,,,
SI034,0,non-coastal,,,,
SI035,0,non-coastal,,,,
SI036,0,non-coastal,,,,
SI037,0,non-coastal,,,,
SI038,2,coastal (>= 50% of population living within 50km of the coastline),,,,
SI041,0,non-coastal,,,,
SI042,0,non-coastal,,,,
SI043,2,coastal (>= 50% of population living within 50km of the coastline),,,,
SI044,1,coastal (on coast),,,,
SK010,0,non-coastal,,,,
SK021,0,non-coastal,,,,
SK022,0,non-coastal,,,,
SK023,0,non-coastal,,,,
SK031,0,non-coastal,,,,
SK032,0,non-coastal,,,,
SK041,0,non-coastal,,,,
SK042,0,non-coastal,,,,
TR100,1,coastal (on coast),,,,
TR211,1,coastal (on coast),,,,
TR212,1,coastal (on coast),,,,
TR213,1,coastal (on coast),,,,
TR221,1,coastal (on coast),,,,
TR222,1,coastal (on coast),,,,
TR310,1,coastal (on coast),,,,
TR321,1,coastal (on coast),,,,
TR322,0,non-coastal,,,,
TR323,1,coastal (on coast),,,,
TR331,0,non-coastal,,,,
TR332,0,non-coastal,,,,
TR333,0,non-coastal,,,,
TR334,0,non-coastal,,,,
TR411,1,coastal (on coast),,,,
TR412,0,non-coastal,,,,
TR413,0,non-coastal,,,,
TR421,1,coastal (on coast),,,,
TR422,1,coastal (on coast),,,,
TR423,1,coastal (on coast),,,,
TR424,0,non-coastal,,,,
TR425,1,coastal (on coast),,,,
TR510,0,non-coastal,,,,
TR521,0,non-coastal,,,,
TR522,0,non-coastal,,,,
TR611,1,coastal (on coast),,,,
TR612,0,non-coastal,,,,
TR613,0,non-coastal,,,,
TR621,1,coastal (on coast),,,,
TR622,1,coastal (on coast),,,,
TR631,1,coastal (on coast),,,,
TR632,0,non-coastal,,,,
TR633,2,coastal (>= 50% of population living within 50km of the coastline),,,,
TR711,0,non-coastal,,,,
TR712,0,non-coastal,,,,
TR713,0,non-coastal,,,,
TR714,0,non-coastal,,,,
TR715,0,non-coastal,,,,
TR721,0,non-coastal,,,,
TR722,0,non-coastal,,,,
TR723,0,non-coastal,,,,
TR811,1,coastal (on coast),,,,
TR812,0,non-coastal,,,,
TR813,1,coastal (on coast),,,,
TR821,1,coastal (on coast),,,,
TR822,0,non-coastal,,,,
TR823,1,coastal (on coast),,,,
TR831,1,coastal (on coast),,,,
TR832,0,non-coastal,,,,
TR833,0,non-coastal,,,,
TR834,0,non-coastal,,,,
TR901,1,coastal (on coast),,,,
TR902,1,coastal (on coast),,,,
TR903,1,coastal (on coast),,,,
TR904,1,coastal (on coast),,,,
TR905,1,coastal (on coast),,,,
TR906,0,non-coastal,,,,
TRA11,0,non-coastal,,,,
TRA12,0,non-coastal,,,,
TRA13,0,non-coastal,,,,
TRA21,0,non-coastal,,,,
TRA22,0,non-coastal,,,,
TRA23,0,non-coastal,,,,
TRA24,0,non-coastal,,,,
TRB11,0,non-coastal,,,,
TRB12,0,non-coastal,,,,
TRB13,0,non-coastal,,,,
TRB14,0,non-coastal,,,,
TRB21,0,non-coastal,,,,
TRB22,0,non-coastal,,,,
TRB23,0,non-coastal,,,,
TRB24,0,non-coastal,,,,
TRC11,0,non-coastal,,,,
TRC12,0,non-coastal,,,,
TRC13,2,coastal (>= 50% of population living within 50km of the coastline),,,,
TRC21,0,non-coastal,,,,
TRC22,0,non-coastal,,,,
TRC31,0,non-coastal,,,,
TRC32,0,non-coastal,,,,
TRC33,0,non-coastal,,,,
TRC34,0,non-coastal,,,,
UKC11,1,coastal (on coast),,,,
UKC12,1,coastal (on coast),,,,
UKC13,2,coastal (>= 50% of population living within 50km of the coastline),,,,
UKC14,1,coastal (on coast),,,,
UKC21,1,coastal (on coast),,,,
UKC22,1,coastal (on coast),,,,
UKC23,1,coastal (on coast),,,,
UKD11,1,coastal (on coast),,,,
UKD12,1,coastal (on coast),,,,
UKD33,2,coastal (>= 50% of population living within 50km of the coastline),,,,
UKD34,2,coastal (>= 50% of population living within 50km of the coastline),,,,
UKD35,2,coastal (>= 50% of population living within 50km of the coastline),,,,
UKD36,2,coastal (>= 50% of population living within 50km of the coastline),,,,
UKD37,2,coastal (>= 50% of population living within 50km of the coastline),,,,
UKD41,2,coastal (>= 50% of population living within 50km of the coastline),,,,
UKD42,1,coastal (on coast),,,,
UKD44,1,coastal (on coast),,,,
UKD45,1,coastal (on coast),,,,
UKD46,2,coastal (>= 50% of population living within 50km of the coastline),,,,
UKD47,1,coastal (on coast),,,,
UKD61,1,coastal (on coast),,,,
UKD62,2,coastal (>= 50% of population living within 50km of the coastline),,,,
UKD63,1,coastal (on coast),,,,
UKD71,1,coastal (on coast),,,,
UKD72,1,coastal (on coast),,,,
UKD73,1,coastal (on coast),,,,
UKD74,1,coastal (on coast),,,,
UKE11,1,coastal (on coast),,,,
UKE12,1,coastal (on coast),,,,
UKE13,1,coastal (on coast),,,,
UKE21,2,coastal (>= 50% of population living within 50km of the coastline),,,,
UKE22,1,coastal (on coast),,,,
UKE31,2,coastal (>= 50% of population living within 50km of the coastline),,,,
UKE32,2,coastal (>= 50% of population living within 50km of the coastline),,,,
UKE41,0,non-coastal,,,,
UKE42,2,coastal (>= 50% of population living within 50km of the coastline),,,,
UKE44,0,non-coastal,,,,
UKE45,2,coastal (>= 50% of population living within 50km of the coastline),,,,
UKF11,0,non-coastal,,,,
UKF12,0,non-coastal,,,,
UKF13,0,non-coastal,,,,
UKF14,0,non-coastal,,,,
UKF15,2,coastal (>= 50% of population living within 50km of the coastline),,,,
UKF16,0,non-coastal,,,,
UKF21,0,non-coastal,,,,
UKF22,0,non-coastal,,,,
UKF24,0,non-coastal,,,,
UKF25,0,non-coastal,,,,
UKF30,1,coastal (on coast),,,,
UKG11,2,coastal (>= 50% of population living within 50km of the coastline),,,,
UKG12,0,non-coastal,,,,
UKG13,0,non-coastal,,,,
UKG21,0,non-coastal,,,,
UKG22,0,non-coastal,,,,
UKG23,0,non-coastal,,,,
UKG24,0,non-coastal,,,,
UKG31,0,non-coastal,,,,
UKG32,0,non-coastal,,,,
UKG33,0,non-coastal,,,,
UKG36,0,non-coastal,,,,
UKG37,0,non-coastal,,,,
UKG38,0,non-coastal,,,,
UKG39,0,non-coastal,,,,
UKH11,2,coastal (>= 50% of population living within 50km of the coastline),,,,
UKH12,0,non-coastal,,,,
UKH14,1,coastal (on coast),,,,
UKH15,1,coastal (on coast),,,,
UKH16,1,coastal (on coast),,,,
UKH17,2,coastal (>= 50% of population living within 50km of the coastline),,,,
UKH21,2,coastal (>= 50% of population living within 50km of the coastline),,,,
UKH23,2,coastal (>= 50% of population living within 50km of the coastline),,,,
UKH24,0,non-coastal,,,,
UKH25,0,non-coastal,,,,
UKH31,1,coastal (on coast),,,,
UKH32,1,coastal (on coast),,,,
UKH34,1,coastal (on coast),,,,
UKH35,2,coastal (>= 50% of population living within 50km of the coastline),,,,
UKH36,1,coastal (on coast),,,,
UKH37,1,coastal (on coast),,,,
UKI31,1,coastal (on coast),,,,
UKI32,1,coastal (on coast),,,,
UKI33,1,coastal (on coast),,,,
UKI34,1,coastal (on coast),,,,
UKI41,1,coastal (on coast),,,,
UKI42,1,coastal (on coast),,,,
UKI43,2,coastal (>= 50% of population living within 50km of the coastline),,,,
UKI44,1,coastal (on coast),,,,
UKI45,1,coastal (on coast),,,,
UKI51,1,coastal (on coast),,,,
UKI52,1,coastal (on coast),,,,
UKI53,2,coastal (>= 50% of population living within 50km of the coastline),,,,
UKI54,2,coastal (>= 50% of population living within 50km of the coastline),,,,
UKI61,2,coastal (>= 50% of population living within 50km of the coastline),,,,
UKI62,2,coastal (>= 50% of population living within 50km of the coastline),,,,
UKI63,2,coastal (>= 50% of population living within 50km of the coastline),,,,
UKI71,2,coastal (>= 50% of population living within 50km of the coastline),,,,
UKI72,2,coastal (>= 50% of population living within 50km of the coastline),,,,
UKI73,2,coastal (>= 50% of population living within 50km of the coastline),,,,
UKI74,2,coastal (>= 50% of population living within 50km of the coastline),,,,
UKI75,1,coastal (on coast),,,,
UKJ11,2,coastal (>= 50% of population living within 50km of the coastline),,,,
UKJ12,0,non-coastal,,,,
UKJ13,2,coastal (>= 50% of population living within 50km of the coastline),,,,
UKJ14,0,non-coastal,,,,
UKJ21,1,coastal (on coast),,,,
UKJ22,1,coastal (on coast),,,,
UKJ25,2,coastal (>= 50% of population living within 50km of the coastline),,,,
UKJ26,2,coastal (>= 50% of population living within 50km of the coastline),,,,
UKJ27,1,coastal (on coast),,,,
UKJ28,2,coastal (>= 50% of population living within 50km of the coastline),,,,
UKJ31,1,coastal (on coast),,,,
UKJ32,1,coastal (on coast),,,,
UKJ34,1,coastal (on coast),,,,
UKJ35,1,coastal (on coast),,,,
UKJ36,1,coastal (on coast),,,,
UKJ37,2,coastal (>= 50% of population living within 50km of the coastline),,,,
UKJ41,1,coastal (on coast),,,,
UKJ43,1,coastal (on coast),,,,
UKJ44,1,coastal (on coast),,,,
UKJ45,2,coastal (>= 50% of population living within 50km of the coastline),,,,
UKJ46,1,coastal (on coast),,,,
UKK11,1,coastal (on coast),,,,
UKK12,1,coastal (on coast),,,,
UKK13,1,coastal (on coast),,,,
UKK14,2,coastal (>= 50% of population living within 50km of the coastline),,,,
UKK15,2,coastal (>= 50% of population living within 50km of the coastline),,,,
UKK23,1,coastal (on coast),,,,
UKK24,1,coastal (on coast),,,,
UKK25,1,coastal (on coast),,,,
UKK30,1,coastal (on coast),,,,
UKK41,1,coastal (on coast),,,,
UKK42,1,coastal (on coast),,,,
UKK43,1,coastal (on coast),,,,
UKL11,1,coastal (on coast),,,,
UKL12,1,coastal (on coast),,,,
UKL13,1,coastal (on coast),,,,
UKL14,1,coastal (on coast),,,,
UKL15,2,coastal (>= 50% of population living within 50km of the coastline),,,,
UKL16,2,coastal (>= 50% of population living within 50km of the coastline),,,,
UKL17,1,coastal (on coast),,,,
UKL18,1,coastal (on coast),,,,
UKL21,1,coastal (on coast),,,,
UKL22,1,coastal (on coast),,,,
UKL23,1,coastal (on coast),,,,
UKL24,2,coastal (>= 50% of population living within 50km of the coastline),,,,
UKM50,1,coastal (on coast),,,,
UKM61,1,coastal (on coast),,,,
UKM62,1,coastal (on coast),,,,
UKM63,1,coastal (on coast),,,,
UKM64,1,coastal (on coast),,,,
UKM65,1,coastal (on coast),,,,
UKM66,1,coastal (on coast),,,,
UKM71,1,coastal (on coast),,,,
UKM72,1,coastal (on coast),,,,
UKM73,1,coastal (on coast),,,,
UKM75,1,coastal (on coast),,,,
UKM76,1,coastal (on coast),,,,
UKM77,1,coastal (on coast),,,,
UKM78,1,coastal (on coast),,,,
UKM81,1,coastal (on coast),,,,
UKM82,1,coastal (on coast),,,,
UKM83,1,coastal (on coast),,,,
UKM84,2,coastal (>= 50% of population living within 50km of the coastline),,,,
UKM91,1,coastal (on coast),,,,
UKM92,1,coastal (on coast),,,,
UKM93,1,coastal (on coast),,,,
UKM94,1,coastal (on coast),,,,
UKM95,2,coastal (>= 50% of population living within 50km of the coastline),,,,
UKN06,1,coastal (on coast),,,,
UKN07,2,coastal (>= 50% of population living within 50km of the coastline),,,,
UKN08,1,coastal (on coast),,,,
UKN09,1,coastal (on coast),,,,
UKN0A,1,coastal (on coast),,,,
UKN0B,2,coastal (>= 50% of population living within 50km of the coastline),,,,
UKN0C,1,coastal (on coast),,,,
UKN0D,1,coastal (on coast),,,,
UKN0E,2,coastal (>= 50% of population living within 50km of the coastline),,,,
UKN0F,1,coastal (on coast),,,,
UKN0G,2,coastal (>= 50% of population living within 50km of the coastline),,,,
